location,appointment_datetime,status,payment_method,doctor_id,patient_id
Sede Sur,2025-01-20 9:00,Reprogramada,Transferencia,9,15
Sede Sur,2025-01-26 11:00,Programada,Tarjeta,37,44
Sede Sur,2025-02-19 16:00,Programada,Tarjeta,49,15
Sede Norte,2025-10-22 12:00,Reprogramada,Seguro,5,49
Sede Norte,2025-10-13 17:00,Cancelada,Transferencia,17,30
Sede Centro,2025-05-26 14:00,Cancelada,Seguro,8,19
Sede Centro,2025-02-11 10:00,Reprogramada,Transferencia,32,2
Sede Sur,2025-03-19 11:00,Completada,Transferencia,49,27
Sede Centro,2025-08-22 18:00,Reprogramada,Transferencia,29,36
Sede Centro,2025-02-22 8:00,Completada,Tarjeta,31,42
Sede Sur,2025-03-04 9:00,Reprogramada,Tarjeta,42,7
Sede Sur,2025-04-16 16:00,Cancelada,Transferencia,25,12
Sede Sur,2025-06-18 18:00,Completada,Tarjeta,14,41
Sede Norte,2025-12-21 17:00,Cancelada,Efectivo,7,47
Sede Norte,2025-12-01 13:00,Programada,Transferencia,32,19
Sede Centro,2025-03-19 17:00,Reprogramada,Seguro,2,8
Sede Sur,2025-03-13 14:00,Completada,Efectivo,25,48
Sede Sur,2025-08-23 18:00,Reprogramada,Transferencia,28,22
Sede Norte,2025-10-12 8:00,Cancelada,Efectivo,39,47
Sede Centro,2025-02-02 15:00,Cancelada,Transferencia,49,46
Sede Sur,2025-08-18 10:00,Reprogramada,Tarjeta,50,33
Sede Centro,2025-05-10 10:00,Reprogramada,Transferencia,1,28
Sede Sur,2025-01-10 13:00,Reprogramada,Seguro,45,33
Sede Sur,2025-05-20 8:00,Completada,Efectivo,29,43
Sede Sur,2025-02-07 12:00,Programada,Transferencia,18,13
Sede Centro,2025-01-23 16:00,Completada,Efectivo,47,20
Sede Sur,2025-06-27 8:00,Cancelada,Tarjeta,15,19
Sede Norte,2025-06-07 11:00,Completada,Seguro,38,38
Sede Centro,2025-12-10 12:00,Completada,Transferencia,7,32
Sede Centro,2025-01-18 12:00,Completada,Transferencia,21,33
Sede Norte,2025-03-15 14:00,Programada,Tarjeta,2,26
Sede Sur,2025-01-23 16:00,Reprogramada,Seguro,2,38
Sede Sur,2025-07-12 15:00,Programada,Efectivo,2,3
Sede Centro,2025-04-16 11:00,Reprogramada,Efectivo,42,31
Sede Sur,2025-01-07 15:00,Programada,Efectivo,35,16
Sede Norte,2025-02-13 15:00,Programada,Seguro,1,48
Sede Centro,2025-07-04 10:00,Cancelada,Efectivo,25,26
Sede Centro,2025-07-12 13:00,Programada,Seguro,44,27
Sede Sur,2025-07-04 14:00,Cancelada,Transferencia,14,43
Sede Norte,2025-10-11 16:00,Completada,Transferencia,28,12
Sede Norte,2025-05-11 18:00,Cancelada,Tarjeta,47,24
Sede Centro,2025-08-20 13:00,Reprogramada,Efectivo,2,36
Sede Norte,2025-07-31 14:00,Reprogramada,Transferencia,34,45
Sede Norte,2025-05-08 14:00,Reprogramada,Tarjeta,15,50
Sede Sur,2025-05-08 9:00,Completada,Seguro,49,44
Sede Centro,2025-11-17 12:00,Reprogramada,Tarjeta,29,48
Sede Norte,2025-08-24 12:00,Cancelada,Tarjeta,32,24
Sede Norte,2025-05-12 11:00,Reprogramada,Efectivo,36,6
Sede Sur,2025-04-16 15:00,Completada,Tarjeta,15,29
Sede Centro,2025-07-21 8:00,Completada,Tarjeta,23,43