diagnosis,treatment,appointment_id
Dolor lumbar,Medicamento A,1
Control,Reposo,2
Control,Medicamento A,3
Dermatitis,Terapia,4
Dermatitis,Crema tÃ³pica,5
Gripe,Terapia,6
Dolor lumbar,Control en 1 mes,7
Gripe,Terapia,8
Dolor lumbar,Terapia,9
Control,Medicamento A,10
Dolor lumbar,Terapia,11
Alergia,Control en 1 mes,12
Control,Reposo,13
Dolor lumbar,Crema tÃ³pica,14
Gripe,Terapia,15
Alergia,Control en 1 mes,16
Alergia,Medicamento A,17
Control,Reposo,18
Control,Control en 1 mes,19
Control,Control en 1 mes,20
Gripe,Terapia,21
Alergia,Medicamento A,22
Dolor lumbar,Medicamento A,23
Dermatitis,Reposo,24
Gripe,Crema tÃ³pica,25
Gripe,Reposo,26
Gripe,Medicamento A,27
Dermatitis,Reposo,28
Dermatitis,Medicamento A,29
Dermatitis,Reposo,30
Dolor lumbar,Medicamento A,31
Control,Reposo,32
Gripe,Control en 1 mes,33
Dolor lumbar,Terapia,34
Dolor lumbar,Crema tÃ³pica,35
Dermatitis,Terapia,36
Gripe,Crema tÃ³pica,37
Dermatitis,Medicamento A,38
Gripe,Crema tÃ³pica,39
Gripe,Medicamento A,40
Dolor lumbar,Reposo,41
Dolor lumbar,Reposo,42
Control,Reposo,43
Dolor lumbar,Terapia,44
Alergia,Reposo,45
Gripe,Medicamento A,46
Alergia,Terapia,47
Dermatitis,Reposo,48
Dermatitis,Reposo,49
Gripe,Control en 1 mes,50
