name,specialty
Valentina Rodríguez,Cardiología
Sebastián Gutiérrez,Cardiología
Luisa Castaño,Cardiología
Nicolás Castaño,Medicina Interna
María Martínez,Ortopedia
Daniela Rojas,Cardiología
Manuel Martínez,Medicina Interna
Santiago Castaño,Dermatología
Paula Ramírez,Cardiología
Nicolás Rivera,Cardiología
Ana López,Pediatría
María Hernández,Cardiología
Julián López,Dermatología
Andrés Gómez,Ortopedia
Andrés Martínez,Pediatría
Pedro Gutiérrez,Dermatología
Felipe Hernández,Ortopedia
Julián Mendoza,Pediatría
Laura Mendoza,Cardiología
Carlos Castaño,Cardiología
Sofía Sánchez,Medicina Interna
María Díaz,Medicina Interna
Pedro Díaz,Pediatría
Laura Quintero,Dermatología
Valentina Hernández,Ortopedia
Andrés López,Dermatología
Pedro Gómez,Dermatología
Sebastián Gómez,Ortopedia
Felipe Rodríguez,Pediatría
Pedro Sánchez,Medicina Interna
Valentina López,Medicina Interna
Andrés López,Ortopedia
Daniela García,Ortopedia
Paula García,Medicina Interna
Julián Rodríguez,Ortopedia
Nicolás Ramírez,Ortopedia
Diana Sánchez,Medicina Interna
Nicolás Rivera,Cardiología
Valentina Martínez,Pediatría
Julián Hernández,Pediatría
Manuel Hernández,Dermatología
Sebastián Rivera,Cardiología
Andrés López,Pediatría
Camila Rodríguez,Medicina Interna
Luisa Rodríguez,Medicina Interna
Diana López,Ortopedia
Laura Restrepo,Pediatría
Sebastián Díaz,Cardiología
Camila Gutiérrez,Dermatología
Andrés Sánchez,Dermatología