name,email,phone,city
Camila Hernández,camila.hernandez13@gmail.com,384602037,Medellín
Andrés López,andres.lopez74@gmail.com,397655194,Medellín
Julián Gutiérrez,julian.gutierrez82@gmail.com,337247794,Bello
Manuel Gómez,manuel.gomez24@gmail.com,332373299,Itagüí
Julián Quintero,julian.quintero54@gmail.com,302302255,Envigado
Manuel Castro,manuel.castro40@gmail.com,398476611,Bello
Felipe Pérez,felipe.perez51@gmail.com,369330000,Envigado
Paula Hernández,paula.hernandez20@gmail.com,313956442,Itagüí
Daniela Pérez,daniela.perez17@gmail.com,381905850,Itagüí
Valentina Martínez,valentina.martinez44@gmail.com,391882072,Medellín
Felipe Quintero,felipe.quintero78@gmail.com,358954941,Itagüí
Nicolás Ramírez,nicolas.ramirez21@gmail.com,381387481,Bello
Ana Mendoza,ana.mendoza69@gmail.com,389433856,Bello
Andrés Rivera,andres.rivera61@gmail.com,344248823,Bello
Felipe López,felipe.lopez79@gmail.com,309044229,Envigado
Sofía Castro,sofia.castro22@gmail.com,321462193,Itagüí
Manuel Castro,manuel.castro93@gmail.com,319834563,Envigado
Paula Gómez,paula.gomez17@gmail.com,306935510,Bello
Sebastián Hernández,sebastian.hernandez61@gmail.com,393018913,Envigado
Sebastián Castro,sebastian.castro65@gmail.com,371467509,Envigado
Manuel Mendoza,manuel.mendoza34@gmail.com,384398871,Itagüí
Diana Torres,diana.torres20@gmail.com,353398789,Envigado
Valentina Castro,valentina.castro41@gmail.com,317139664,Itagüí
Valentina Torres,valentina.torres14@gmail.com,315455429,Medellín
Santiago Sánchez,santiago.sanchez89@gmail.com,328135635,Itagüí
María Quintero,maria.quintero54@gmail.com,343168032,Itagüí
Paula Rodríguez,paula.rodriguez87@gmail.com,325538612,Bello
Ana Mendoza,ana.mendoza70@gmail.com,369500779,Envigado
Luisa Rivera,luisa.rivera11@gmail.com,369488313,Medellín
Diana Pérez,diana.perez71@gmail.com,355101131,Bello
Ana Torres,ana.torres12@gmail.com,342505812,Envigado
Julián Ramírez,julian.ramirez93@gmail.com,393428539,Envigado
Laura Mendoza,laura.mendoza11@gmail.com,352760206,Envigado
Andrés Castro,andres.castro10@gmail.com,344939049,Medellín
María Castro,maria.castro33@gmail.com,343238768,Envigado
Carlos Gómez,carlos.gomez71@gmail.com,336229033,Itagüí
María Mendoza,maria.mendoza22@gmail.com,385392425,Envigado
Andrés Castro,andres.castro19@gmail.com,366770693,Medellín
Camila Torres,camila.torres51@gmail.com,362281790,Medellín
Carlos Rodríguez,carlos.rodriguez55@gmail.com,307711585,Itagüí
Santiago Rojas,santiago.rojas44@gmail.com,345995782,Medellín
Julián Castro,julian.castro64@gmail.com,384691411,Envigado
Sebastián Gómez,sebastian.gomez73@gmail.com,331336915,Medellín
Valentina Sánchez,valentina.sanchez28@gmail.com,315546975,Bello
Julián García,julian.garcia68@gmail.com,378532138,Itagüí
Laura Martínez,laura.martinez5@gmail.com,343146927,Medellín
María Ramírez,maria.ramirez8@gmail.com,386058687,Bello
Laura Díaz,laura.diaz87@gmail.com,362360499,Bello
Nicolás Rodríguez,nicolas.rodriguez95@gmail.com,382131328,Itagüí
Andrés Rojas,andres.rojas86@gmail.com,303455900,Itagüí